season,19,accessibility online,agencies,agencies appropriations,appropriations,appropriations public,authentication,bill,bills,business,care,cares,cares public,computing including,consolidated,consolidated appropriations,consumer,copyright office,covid,covid 19,critical,critical infrastructure,customs,cybersecurity,cybersecurity cloud,development,dues,education,employee,faa,fairness,financial,food,government,government procurement,health,health care,housing,housing urban,implementation,including implementation,information,infrastructure,infrastructure protection,infringement copyright,intelligence,international terminal,internet things,iot,it modernization,law,law issues,licensing,mobile,music,music licensing,net,net neutrality,neutrality rate,office,office modernization,organization,payments security,personal,personal data,policy,postal rates,procurement,protection payments,public law,rate,rate modernization,rates,reauthorization,reform postal,related agencies,related cybersecurity,related surface,safety,security authentication,services,small,small business,stem,surface,surface transportation,terminal,terminal dues,things,training,transportation,transportation housing,transportation including,uavs,urban,urban development,us,vehicles uavs,video net,world
2021 2nd Quarter - Report,1.6194331983805668,0.0,0.8097165991902834,0.8097165991902834,3.643724696356275,2.42914979757085,0.8097165991902834,0.0,0.4048582995951417,0.0,0.8097165991902834,2.0242914979757085,2.0242914979757085,0.4048582995951417,2.42914979757085,2.42914979757085,0.4048582995951417,0.4048582995951417,1.6194331983805668,1.6194331983805668,0.4048582995951417,0.4048582995951417,0.8097165991902834,1.214574898785425,0.4048582995951417,0.8097165991902834,0.4048582995951417,0.8097165991902834,0.8097165991902834,0.4048582995951417,0.0,0.8097165991902834,0.8097165991902834,1.214574898785425,1.214574898785425,1.214574898785425,0.8097165991902834,0.8097165991902834,0.8097165991902834,4.8582995951417,2.834008097165992,0.0,2.0242914979757085,0.4048582995951417,0.0,0.4048582995951417,0.4048582995951417,0.8097165991902834,0.4048582995951417,1.214574898785425,9.31174089068826,4.4534412955465585,0.8097165991902834,0.0,0.4048582995951417,0.4048582995951417,0.0,0.0,0.0,0.4048582995951417,0.4048582995951417,0.8097165991902834,0.4048582995951417,0.0,0.0,0.8097165991902834,0.4048582995951417,1.214574898785425,0.4048582995951417,8.502024291497975,0.0,0.0,0.4048582995951417,0.8097165991902834,0.4048582995951417,0.8097165991902834,0.8097165991902834,0.4048582995951417,1.6194331983805668,0.4048582995951417,0.4048582995951417,0.4048582995951417,0.0,0.4048582995951417,1.214574898785425,1.214574898785425,0.4048582995951417,0.4048582995951417,0.8097165991902834,0.8097165991902834,2.42914979757085,0.8097165991902834,0.4048582995951417,0.0,0.8097165991902834,0.8097165991902834,1.214574898785425,0.0,0.0,0.8097165991902834
2021 1st Quarter - Report,1.639344262295082,0.4098360655737705,0.819672131147541,0.819672131147541,3.6885245901639343,2.459016393442623,0.819672131147541,0.819672131147541,0.4098360655737705,0.0,0.819672131147541,2.0491803278688523,2.0491803278688523,0.0,2.459016393442623,2.459016393442623,0.819672131147541,0.4098360655737705,1.639344262295082,1.639344262295082,0.4098360655737705,0.4098360655737705,0.819672131147541,1.2295081967213115,0.4098360655737705,0.819672131147541,0.4098360655737705,0.819672131147541,0.819672131147541,0.4098360655737705,0.0,0.819672131147541,0.819672131147541,1.2295081967213115,1.2295081967213115,1.2295081967213115,0.819672131147541,0.819672131147541,0.819672131147541,4.508196721311475,2.8688524590163933,0.819672131147541,1.639344262295082,0.4098360655737705,0.0,0.4098360655737705,0.4098360655737705,0.819672131147541,0.4098360655737705,0.819672131147541,9.426229508196721,4.098360655737705,0.819672131147541,0.0,0.4098360655737705,0.4098360655737705,0.0,0.0,0.0,0.4098360655737705,0.4098360655737705,0.819672131147541,0.4098360655737705,0.0,0.0,0.819672131147541,0.4098360655737705,1.2295081967213115,0.4098360655737705,9.01639344262295,0.0,0.0,0.4098360655737705,0.4098360655737705,0.4098360655737705,0.819672131147541,0.819672131147541,0.4098360655737705,1.639344262295082,0.4098360655737705,0.4098360655737705,0.4098360655737705,0.0,0.4098360655737705,0.4098360655737705,0.4098360655737705,0.4098360655737705,0.4098360655737705,0.819672131147541,0.819672131147541,1.639344262295082,0.819672131147541,0.4098360655737705,0.4098360655737705,0.819672131147541,0.819672131147541,1.2295081967213115,0.4098360655737705,0.0,0.819672131147541
2020 4th Quarter - Report,1.8115942028985508,0.36231884057971014,1.0869565217391304,1.0869565217391304,4.3478260869565215,2.1739130434782608,0.7246376811594203,0.36231884057971014,0.36231884057971014,0.0,1.0869565217391304,1.8115942028985508,1.8115942028985508,0.36231884057971014,2.1739130434782608,2.1739130434782608,1.4492753623188406,0.36231884057971014,1.8115942028985508,1.8115942028985508,0.36231884057971014,0.36231884057971014,0.7246376811594203,1.0869565217391304,0.36231884057971014,1.8115942028985508,0.36231884057971014,1.0869565217391304,0.7246376811594203,0.36231884057971014,0.36231884057971014,1.0869565217391304,1.0869565217391304,1.4492753623188406,1.0869565217391304,1.8115942028985508,0.7246376811594203,1.0869565217391304,1.0869565217391304,3.985507246376811,1.8115942028985508,0.7246376811594203,0.36231884057971014,0.36231884057971014,0.0,1.4492753623188406,0.36231884057971014,0.7246376811594203,0.36231884057971014,0.7246376811594203,8.333333333333332,3.260869565217391,0.7246376811594203,0.0,0.36231884057971014,0.36231884057971014,0.0,0.0,0.0,0.36231884057971014,0.36231884057971014,0.7246376811594203,0.36231884057971014,0.7246376811594203,0.7246376811594203,0.7246376811594203,0.36231884057971014,1.0869565217391304,0.36231884057971014,7.971014492753622,0.0,0.0,0.36231884057971014,0.36231884057971014,0.36231884057971014,1.0869565217391304,0.7246376811594203,0.36231884057971014,1.4492753623188406,0.36231884057971014,1.0869565217391304,0.7246376811594203,0.0,0.36231884057971014,0.36231884057971014,0.36231884057971014,0.36231884057971014,0.36231884057971014,0.7246376811594203,0.7246376811594203,1.8115942028985508,1.0869565217391304,0.36231884057971014,0.36231884057971014,1.0869565217391304,1.0869565217391304,1.0869565217391304,0.36231884057971014,0.0,0.7246376811594203
2020 3rd Quarter - Report,1.9305019305019304,0.3861003861003861,1.1583011583011582,1.1583011583011582,3.861003861003861,1.5444015444015444,0.7722007722007722,0.7722007722007722,0.0,0.0,1.1583011583011582,1.9305019305019304,1.9305019305019304,0.3861003861003861,1.1583011583011582,1.1583011583011582,1.5444015444015444,0.3861003861003861,1.9305019305019304,1.9305019305019304,0.7722007722007722,0.3861003861003861,0.7722007722007722,1.5444015444015444,0.3861003861003861,2.7027027027027026,0.3861003861003861,1.1583011583011582,0.7722007722007722,0.3861003861003861,0.3861003861003861,1.1583011583011582,1.1583011583011582,1.5444015444015444,1.1583011583011582,1.9305019305019304,0.7722007722007722,1.1583011583011582,1.1583011583011582,3.088803088803089,1.9305019305019304,0.7722007722007722,0.3861003861003861,0.3861003861003861,0.0,1.9305019305019304,0.3861003861003861,1.1583011583011582,1.1583011583011582,0.7722007722007722,5.7915057915057915,2.3166023166023164,0.7722007722007722,0.0,0.3861003861003861,0.3861003861003861,0.3861003861003861,0.3861003861003861,0.3861003861003861,0.7722007722007722,0.3861003861003861,0.7722007722007722,0.3861003861003861,0.7722007722007722,0.7722007722007722,0.7722007722007722,0.3861003861003861,1.1583011583011582,0.3861003861003861,5.405405405405405,0.3861003861003861,0.3861003861003861,0.3861003861003861,0.3861003861003861,0.3861003861003861,1.1583011583011582,0.7722007722007722,0.3861003861003861,1.5444015444015444,0.3861003861003861,1.1583011583011582,0.3861003861003861,0.0,0.3861003861003861,0.3861003861003861,0.3861003861003861,0.3861003861003861,0.3861003861003861,1.1583011583011582,0.7722007722007722,1.9305019305019304,1.1583011583011582,0.3861003861003861,0.3861003861003861,1.1583011583011582,1.1583011583011582,1.1583011583011582,0.3861003861003861,0.3861003861003861,0.7722007722007722
2020 2nd Quarter - Report,2.1367521367521367,0.4273504273504274,0.8547008547008548,0.8547008547008548,3.418803418803419,1.7094017094017095,0.8547008547008548,0.8547008547008548,0.0,0.0,1.282051282051282,1.7094017094017095,1.7094017094017095,0.4273504273504274,1.282051282051282,1.282051282051282,1.7094017094017095,0.4273504273504274,2.1367521367521367,2.1367521367521367,0.8547008547008548,0.4273504273504274,0.8547008547008548,1.7094017094017095,0.4273504273504274,2.1367521367521367,0.4273504273504274,1.282051282051282,0.8547008547008548,0.4273504273504274,0.4273504273504274,0.8547008547008548,0.8547008547008548,1.282051282051282,1.282051282051282,2.1367521367521367,0.8547008547008548,0.8547008547008548,0.8547008547008548,2.564102564102564,2.1367521367521367,0.8547008547008548,0.4273504273504274,0.4273504273504274,0.0,2.1367521367521367,0.4273504273504274,1.282051282051282,1.282051282051282,0.8547008547008548,5.982905982905983,2.1367521367521367,0.8547008547008548,0.0,0.4273504273504274,0.4273504273504274,0.4273504273504274,0.4273504273504274,0.4273504273504274,0.8547008547008548,0.4273504273504274,0.8547008547008548,0.4273504273504274,0.8547008547008548,0.8547008547008548,0.8547008547008548,0.4273504273504274,1.282051282051282,0.4273504273504274,5.555555555555555,0.4273504273504274,0.4273504273504274,0.4273504273504274,0.4273504273504274,0.4273504273504274,0.8547008547008548,0.8547008547008548,0.4273504273504274,1.282051282051282,0.4273504273504274,0.8547008547008548,0.4273504273504274,0.0,0.4273504273504274,0.4273504273504274,0.4273504273504274,0.4273504273504274,0.4273504273504274,1.282051282051282,0.8547008547008548,1.7094017094017095,0.8547008547008548,0.4273504273504274,0.4273504273504274,0.8547008547008548,0.8547008547008548,1.282051282051282,0.4273504273504274,0.4273504273504274,0.8547008547008548
2020 1st Quarter - Report,1.9230769230769231,0.4807692307692308,0.9615384615384616,0.9615384615384616,2.8846153846153846,0.9615384615384616,0.9615384615384616,0.9615384615384616,0.0,0.0,1.4423076923076923,1.9230769230769231,1.9230769230769231,0.4807692307692308,0.4807692307692308,0.4807692307692308,0.9615384615384616,0.4807692307692308,1.9230769230769231,1.9230769230769231,0.9615384615384616,0.4807692307692308,0.9615384615384616,1.9230769230769231,0.4807692307692308,2.403846153846154,0.4807692307692308,1.4423076923076923,0.9615384615384616,0.4807692307692308,0.4807692307692308,0.9615384615384616,0.9615384615384616,1.4423076923076923,1.4423076923076923,1.9230769230769231,0.9615384615384616,0.9615384615384616,0.9615384615384616,0.9615384615384616,0.4807692307692308,0.9615384615384616,0.4807692307692308,0.4807692307692308,0.0,2.403846153846154,0.4807692307692308,1.4423076923076923,1.4423076923076923,0.9615384615384616,5.769230769230769,2.403846153846154,0.9615384615384616,0.0,0.4807692307692308,0.4807692307692308,0.4807692307692308,0.4807692307692308,0.4807692307692308,0.9615384615384616,0.4807692307692308,0.9615384615384616,0.4807692307692308,0.9615384615384616,0.9615384615384616,0.9615384615384616,0.4807692307692308,1.4423076923076923,0.4807692307692308,5.288461538461538,0.4807692307692308,0.4807692307692308,0.4807692307692308,0.4807692307692308,0.4807692307692308,0.9615384615384616,0.9615384615384616,0.4807692307692308,1.4423076923076923,0.4807692307692308,0.9615384615384616,0.4807692307692308,0.0,0.4807692307692308,0.4807692307692308,0.4807692307692308,0.4807692307692308,0.4807692307692308,1.4423076923076923,0.9615384615384616,1.9230769230769231,0.9615384615384616,0.4807692307692308,0.4807692307692308,0.9615384615384616,0.9615384615384616,1.4423076923076923,0.4807692307692308,0.4807692307692308,0.9615384615384616
2019 4th Quarter - Report,0.0,0.5780346820809248,1.1560693641618496,1.1560693641618496,3.4682080924855487,1.1560693641618496,1.1560693641618496,1.1560693641618496,0.0,0.0,1.7341040462427744,0.0,0.0,0.5780346820809248,0.5780346820809248,0.5780346820809248,1.1560693641618496,0.5780346820809248,0.0,0.0,1.1560693641618496,0.5780346820809248,1.1560693641618496,2.312138728323699,0.5780346820809248,2.8901734104046244,0.5780346820809248,1.7341040462427744,1.1560693641618496,0.5780346820809248,0.5780346820809248,1.1560693641618496,1.1560693641618496,1.7341040462427744,1.7341040462427744,2.312138728323699,1.1560693641618496,1.1560693641618496,1.1560693641618496,1.1560693641618496,0.5780346820809248,1.1560693641618496,0.5780346820809248,0.5780346820809248,0.5780346820809248,2.8901734104046244,0.5780346820809248,1.7341040462427744,1.7341040462427744,1.1560693641618496,3.4682080924855487,1.1560693641618496,1.1560693641618496,0.0,0.5780346820809248,0.5780346820809248,0.5780346820809248,0.5780346820809248,0.5780346820809248,1.1560693641618496,0.5780346820809248,1.1560693641618496,0.5780346820809248,1.1560693641618496,1.1560693641618496,1.1560693641618496,0.5780346820809248,1.7341040462427744,0.5780346820809248,2.8901734104046244,0.5780346820809248,0.5780346820809248,0.5780346820809248,0.5780346820809248,0.5780346820809248,1.1560693641618496,1.1560693641618496,0.5780346820809248,1.1560693641618496,0.5780346820809248,1.1560693641618496,0.5780346820809248,0.0,0.5780346820809248,0.5780346820809248,0.5780346820809248,0.5780346820809248,0.5780346820809248,1.7341040462427744,1.1560693641618496,2.312138728323699,1.1560693641618496,0.5780346820809248,0.5780346820809248,1.1560693641618496,1.1560693641618496,1.7341040462427744,0.5780346820809248,0.5780346820809248,1.1560693641618496
2019 3rd Quarter - Report,0.0,0.5813953488372093,1.1627906976744187,1.1627906976744187,3.488372093023256,1.1627906976744187,1.1627906976744187,1.1627906976744187,0.0,0.0,1.744186046511628,0.0,0.0,0.5813953488372093,0.5813953488372093,0.5813953488372093,0.5813953488372093,0.5813953488372093,0.0,0.0,1.1627906976744187,0.5813953488372093,1.1627906976744187,2.3255813953488373,0.5813953488372093,2.9069767441860463,0.5813953488372093,1.744186046511628,1.1627906976744187,0.5813953488372093,0.5813953488372093,1.1627906976744187,1.1627906976744187,1.744186046511628,1.744186046511628,2.3255813953488373,1.1627906976744187,1.1627906976744187,1.1627906976744187,1.1627906976744187,0.5813953488372093,1.1627906976744187,0.5813953488372093,0.5813953488372093,0.5813953488372093,2.9069767441860463,0.5813953488372093,1.744186046511628,1.744186046511628,1.1627906976744187,3.488372093023256,1.1627906976744187,1.1627906976744187,0.0,0.5813953488372093,0.5813953488372093,0.5813953488372093,0.5813953488372093,0.5813953488372093,1.1627906976744187,0.5813953488372093,1.1627906976744187,0.5813953488372093,1.1627906976744187,1.1627906976744187,1.1627906976744187,0.5813953488372093,1.744186046511628,0.5813953488372093,2.9069767441860463,0.5813953488372093,0.5813953488372093,0.5813953488372093,0.5813953488372093,0.5813953488372093,1.1627906976744187,1.1627906976744187,0.5813953488372093,1.1627906976744187,0.5813953488372093,1.1627906976744187,0.5813953488372093,0.0,0.5813953488372093,0.5813953488372093,0.5813953488372093,0.5813953488372093,0.5813953488372093,1.744186046511628,1.1627906976744187,2.3255813953488373,1.1627906976744187,0.5813953488372093,0.5813953488372093,1.1627906976744187,1.1627906976744187,1.744186046511628,0.5813953488372093,0.5813953488372093,1.1627906976744187
2019 2nd Quarter - Report,0.0,0.6211180124223602,1.2422360248447204,1.2422360248447204,3.7267080745341614,1.2422360248447204,1.2422360248447204,0.6211180124223602,0.0,0.0,1.2422360248447204,0.0,0.0,0.6211180124223602,0.6211180124223602,0.6211180124223602,0.6211180124223602,0.6211180124223602,0.0,0.0,1.2422360248447204,0.6211180124223602,1.2422360248447204,1.8633540372670807,0.6211180124223602,3.1055900621118013,0.6211180124223602,1.8633540372670807,1.2422360248447204,0.6211180124223602,0.6211180124223602,1.2422360248447204,1.2422360248447204,1.8633540372670807,1.8633540372670807,1.8633540372670807,1.2422360248447204,1.2422360248447204,1.2422360248447204,1.2422360248447204,0.6211180124223602,0.6211180124223602,0.6211180124223602,0.6211180124223602,0.6211180124223602,3.1055900621118013,0.6211180124223602,1.2422360248447204,0.6211180124223602,1.2422360248447204,3.7267080745341614,1.2422360248447204,1.2422360248447204,0.0,0.6211180124223602,0.6211180124223602,0.6211180124223602,0.6211180124223602,0.6211180124223602,1.2422360248447204,0.6211180124223602,1.2422360248447204,0.6211180124223602,0.6211180124223602,0.6211180124223602,1.2422360248447204,0.6211180124223602,1.8633540372670807,0.6211180124223602,3.1055900621118013,0.6211180124223602,0.6211180124223602,0.6211180124223602,0.6211180124223602,0.6211180124223602,1.2422360248447204,1.2422360248447204,0.6211180124223602,1.2422360248447204,0.6211180124223602,1.2422360248447204,0.6211180124223602,0.0,0.6211180124223602,0.6211180124223602,0.6211180124223602,0.6211180124223602,0.6211180124223602,1.2422360248447204,1.2422360248447204,2.484472049689441,1.2422360248447204,0.6211180124223602,0.6211180124223602,1.2422360248447204,1.2422360248447204,1.8633540372670807,0.6211180124223602,0.6211180124223602,1.2422360248447204
2019 1st Quarter - Report,0.0,0.6060606060606061,1.2121212121212122,1.2121212121212122,4.848484848484849,2.4242424242424243,1.2121212121212122,0.6060606060606061,0.0,0.0,1.2121212121212122,0.0,0.0,0.6060606060606061,1.8181818181818181,1.8181818181818181,0.6060606060606061,0.6060606060606061,0.0,0.0,1.2121212121212122,0.6060606060606061,1.2121212121212122,1.8181818181818181,0.6060606060606061,2.4242424242424243,0.6060606060606061,1.2121212121212122,1.2121212121212122,0.6060606060606061,0.6060606060606061,0.6060606060606061,1.2121212121212122,2.4242424242424243,1.8181818181818181,1.2121212121212122,1.2121212121212122,1.2121212121212122,1.2121212121212122,0.6060606060606061,0.6060606060606061,0.0,0.6060606060606061,0.6060606060606061,0.6060606060606061,3.0303030303030303,0.6060606060606061,1.2121212121212122,0.6060606060606061,1.2121212121212122,4.848484848484849,1.2121212121212122,1.2121212121212122,0.0,0.6060606060606061,0.6060606060606061,0.6060606060606061,0.6060606060606061,0.6060606060606061,1.2121212121212122,0.6060606060606061,1.2121212121212122,0.6060606060606061,0.0,0.0,1.2121212121212122,0.6060606060606061,1.8181818181818181,0.6060606060606061,4.848484848484849,0.6060606060606061,0.6060606060606061,0.6060606060606061,0.6060606060606061,0.6060606060606061,1.2121212121212122,1.2121212121212122,0.6060606060606061,1.2121212121212122,0.6060606060606061,0.6060606060606061,0.6060606060606061,0.0,0.6060606060606061,0.6060606060606061,0.6060606060606061,0.6060606060606061,0.6060606060606061,1.2121212121212122,1.2121212121212122,1.8181818181818181,1.2121212121212122,0.6060606060606061,0.6060606060606061,1.2121212121212122,1.2121212121212122,1.8181818181818181,0.6060606060606061,0.6060606060606061,1.2121212121212122
2018 4th Quarter - Report,0.0,0.5882352941176471,1.1764705882352942,1.1764705882352942,4.705882352941177,2.3529411764705883,1.1764705882352942,1.1764705882352942,0.0,0.0,1.1764705882352942,0.0,0.0,0.5882352941176471,1.7647058823529411,1.7647058823529411,0.5882352941176471,0.5882352941176471,0.0,0.0,0.5882352941176471,0.5882352941176471,1.1764705882352942,1.7647058823529411,0.5882352941176471,1.1764705882352942,0.5882352941176471,1.1764705882352942,1.1764705882352942,1.1764705882352942,1.1764705882352942,0.5882352941176471,1.1764705882352942,2.3529411764705883,1.7647058823529411,1.1764705882352942,1.1764705882352942,1.1764705882352942,1.1764705882352942,0.5882352941176471,0.5882352941176471,0.0,0.5882352941176471,0.5882352941176471,0.5882352941176471,0.5882352941176471,0.5882352941176471,1.1764705882352942,0.5882352941176471,1.1764705882352942,6.470588235294119,2.3529411764705883,1.1764705882352942,0.0,1.1764705882352942,0.5882352941176471,0.5882352941176471,0.5882352941176471,0.5882352941176471,0.5882352941176471,0.5882352941176471,1.1764705882352942,0.5882352941176471,0.0,0.0,1.1764705882352942,0.5882352941176471,1.7647058823529411,0.5882352941176471,6.470588235294119,0.5882352941176471,0.5882352941176471,0.5882352941176471,1.1764705882352942,0.5882352941176471,1.1764705882352942,1.1764705882352942,0.5882352941176471,1.1764705882352942,0.5882352941176471,0.5882352941176471,0.5882352941176471,0.0,0.5882352941176471,0.5882352941176471,0.5882352941176471,0.5882352941176471,0.5882352941176471,1.1764705882352942,1.1764705882352942,1.7647058823529411,1.1764705882352942,0.5882352941176471,0.5882352941176471,1.1764705882352942,1.1764705882352942,1.7647058823529411,0.5882352941176471,0.5882352941176471,1.1764705882352942
2018 3rd Quarter - Report,0.0,0.6493506493506493,0.0,0.0,5.844155844155844,0.6493506493506493,1.2987012987012987,1.2987012987012987,1.2987012987012987,0.0,1.2987012987012987,0.0,0.0,0.6493506493506493,1.948051948051948,1.948051948051948,0.6493506493506493,0.6493506493506493,0.0,0.0,0.6493506493506493,0.6493506493506493,1.2987012987012987,1.948051948051948,0.6493506493506493,1.2987012987012987,0.6493506493506493,1.2987012987012987,1.2987012987012987,2.5974025974025974,1.2987012987012987,0.6493506493506493,1.2987012987012987,2.5974025974025974,1.948051948051948,1.2987012987012987,1.2987012987012987,1.2987012987012987,1.2987012987012987,0.6493506493506493,0.6493506493506493,0.0,0.6493506493506493,0.6493506493506493,0.6493506493506493,0.6493506493506493,0.6493506493506493,1.2987012987012987,0.6493506493506493,1.2987012987012987,3.2467532467532463,0.6493506493506493,1.2987012987012987,0.0,1.2987012987012987,0.6493506493506493,0.6493506493506493,0.6493506493506493,0.6493506493506493,0.6493506493506493,0.6493506493506493,1.2987012987012987,0.6493506493506493,0.0,0.0,1.2987012987012987,0.6493506493506493,1.948051948051948,0.6493506493506493,3.2467532467532463,0.6493506493506493,0.6493506493506493,0.6493506493506493,1.2987012987012987,0.6493506493506493,0.0,1.2987012987012987,0.6493506493506493,2.5974025974025974,0.6493506493506493,0.6493506493506493,0.6493506493506493,0.0,0.6493506493506493,0.6493506493506493,0.6493506493506493,0.6493506493506493,0.6493506493506493,1.2987012987012987,1.2987012987012987,2.5974025974025974,1.2987012987012987,0.6493506493506493,0.6493506493506493,1.2987012987012987,1.2987012987012987,1.948051948051948,0.6493506493506493,0.6493506493506493,1.2987012987012987
2018 2nd Quarter - Report,0.7042253521126761,0.7042253521126761,0.0,0.0,4.225352112676056,0.0,1.4084507042253522,1.4084507042253522,1.4084507042253522,0.0,1.4084507042253522,0.0,0.0,0.7042253521126761,1.4084507042253522,1.4084507042253522,0.0,0.7042253521126761,0.0,0.0,0.7042253521126761,0.7042253521126761,1.4084507042253522,2.112676056338028,0.7042253521126761,1.4084507042253522,0.7042253521126761,1.4084507042253522,0.7042253521126761,2.8169014084507045,1.4084507042253522,0.7042253521126761,0.7042253521126761,2.8169014084507045,2.112676056338028,1.4084507042253522,1.4084507042253522,1.4084507042253522,1.4084507042253522,0.7042253521126761,0.7042253521126761,0.0,0.7042253521126761,0.7042253521126761,0.7042253521126761,0.7042253521126761,0.7042253521126761,1.4084507042253522,0.7042253521126761,1.4084507042253522,2.8169014084507045,0.0,1.4084507042253522,0.7042253521126761,1.4084507042253522,0.7042253521126761,0.7042253521126761,0.7042253521126761,0.7042253521126761,0.7042253521126761,0.7042253521126761,1.4084507042253522,0.7042253521126761,0.0,0.0,0.7042253521126761,0.7042253521126761,2.112676056338028,0.7042253521126761,2.8169014084507045,0.7042253521126761,0.7042253521126761,0.7042253521126761,1.4084507042253522,1.4084507042253522,0.0,1.4084507042253522,0.7042253521126761,2.112676056338028,0.7042253521126761,0.0,0.7042253521126761,0.0,0.7042253521126761,0.7042253521126761,0.7042253521126761,0.7042253521126761,0.7042253521126761,1.4084507042253522,1.4084507042253522,2.8169014084507045,1.4084507042253522,0.7042253521126761,0.7042253521126761,1.4084507042253522,1.4084507042253522,2.112676056338028,0.7042253521126761,0.7042253521126761,1.4084507042253522
2018 1st Quarter - Report,0.6993006993006993,0.6993006993006993,0.0,0.0,3.4965034965034967,0.0,1.3986013986013985,4.195804195804196,1.3986013986013985,0.0,1.3986013986013985,0.0,0.0,0.6993006993006993,1.3986013986013985,1.3986013986013985,0.0,0.6993006993006993,0.0,0.0,0.6993006993006993,0.6993006993006993,1.3986013986013985,2.097902097902098,0.6993006993006993,1.3986013986013985,0.6993006993006993,1.3986013986013985,0.6993006993006993,2.797202797202797,1.3986013986013985,0.6993006993006993,0.6993006993006993,3.4965034965034967,2.097902097902098,1.3986013986013985,1.3986013986013985,1.3986013986013985,1.3986013986013985,0.0,0.0,0.0,0.6993006993006993,0.6993006993006993,0.6993006993006993,0.6993006993006993,0.6993006993006993,1.3986013986013985,0.6993006993006993,1.3986013986013985,2.797202797202797,0.0,1.3986013986013985,0.6993006993006993,1.3986013986013985,0.6993006993006993,0.6993006993006993,0.6993006993006993,0.6993006993006993,0.6993006993006993,0.6993006993006993,0.6993006993006993,0.6993006993006993,0.0,0.0,0.6993006993006993,0.6993006993006993,2.097902097902098,0.6993006993006993,2.797202797202797,0.6993006993006993,0.6993006993006993,0.6993006993006993,1.3986013986013985,1.3986013986013985,0.0,1.3986013986013985,0.6993006993006993,2.097902097902098,0.6993006993006993,0.0,0.6993006993006993,0.0,0.6993006993006993,0.6993006993006993,0.6993006993006993,0.6993006993006993,0.6993006993006993,1.3986013986013985,1.3986013986013985,3.4965034965034967,1.3986013986013985,0.6993006993006993,0.6993006993006993,1.3986013986013985,1.3986013986013985,2.097902097902098,0.6993006993006993,0.6993006993006993,0.6993006993006993
2017 4th Quarter - Report,0.8695652173913043,0.8695652173913043,0.0,0.0,1.7391304347826086,0.0,1.7391304347826086,2.608695652173913,1.7391304347826086,0.0,0.0,0.0,0.0,0.8695652173913043,0.0,0.0,0.0,0.8695652173913043,0.0,0.0,0.8695652173913043,0.8695652173913043,0.8695652173913043,2.608695652173913,0.8695652173913043,1.7391304347826086,0.8695652173913043,1.7391304347826086,0.0,3.4782608695652173,1.7391304347826086,0.8695652173913043,0.8695652173913043,4.3478260869565215,2.608695652173913,0.0,0.0,1.7391304347826086,1.7391304347826086,0.0,0.0,0.0,0.8695652173913043,0.8695652173913043,0.8695652173913043,0.0,0.8695652173913043,1.7391304347826086,0.8695652173913043,1.7391304347826086,2.608695652173913,0.0,1.7391304347826086,0.8695652173913043,1.7391304347826086,0.8695652173913043,0.8695652173913043,0.8695652173913043,0.8695652173913043,0.8695652173913043,0.8695652173913043,0.0,0.8695652173913043,0.0,0.0,0.0,0.8695652173913043,2.608695652173913,0.8695652173913043,2.608695652173913,0.8695652173913043,0.8695652173913043,0.8695652173913043,1.7391304347826086,0.8695652173913043,0.0,1.7391304347826086,0.8695652173913043,1.7391304347826086,0.8695652173913043,0.0,0.8695652173913043,0.0,0.8695652173913043,0.8695652173913043,0.8695652173913043,0.8695652173913043,0.8695652173913043,1.7391304347826086,1.7391304347826086,4.3478260869565215,1.7391304347826086,0.8695652173913043,0.8695652173913043,1.7391304347826086,1.7391304347826086,0.8695652173913043,0.8695652173913043,0.8695652173913043,0.0
2017 3rd Quarter - Report,0.8333333333333334,0.8333333333333334,0.0,0.0,1.6666666666666667,0.0,0.8333333333333334,3.3333333333333335,1.6666666666666667,2.5,0.0,0.0,0.0,0.8333333333333334,0.0,0.0,0.8333333333333334,0.8333333333333334,0.0,0.0,0.8333333333333334,0.8333333333333334,0.8333333333333334,1.6666666666666667,0.8333333333333334,1.6666666666666667,0.8333333333333334,1.6666666666666667,0.0,3.3333333333333335,0.8333333333333334,2.5,0.8333333333333334,4.166666666666666,2.5,0.0,0.0,1.6666666666666667,1.6666666666666667,0.0,0.0,0.0,0.8333333333333334,0.8333333333333334,0.8333333333333334,0.0,0.8333333333333334,0.8333333333333334,0.0,1.6666666666666667,2.5,0.0,0.8333333333333334,1.6666666666666667,0.8333333333333334,0.8333333333333334,0.8333333333333334,0.8333333333333334,0.8333333333333334,0.8333333333333334,0.8333333333333334,0.0,0.8333333333333334,0.0,0.0,0.0,0.8333333333333334,2.5,0.8333333333333334,2.5,0.8333333333333334,0.8333333333333334,0.8333333333333334,1.6666666666666667,0.8333333333333334,0.0,1.6666666666666667,0.8333333333333334,1.6666666666666667,0.8333333333333334,0.0,2.5,2.5,0.8333333333333334,0.8333333333333334,0.8333333333333334,0.8333333333333334,0.8333333333333334,0.8333333333333334,1.6666666666666667,4.166666666666666,1.6666666666666667,0.8333333333333334,0.8333333333333334,1.6666666666666667,1.6666666666666667,0.8333333333333334,0.8333333333333334,0.8333333333333334,0.0
2017 2nd Quarter - Report,0.8771929824561403,0.8771929824561403,0.0,0.0,1.7543859649122806,0.0,0.8771929824561403,4.385964912280701,1.7543859649122806,2.631578947368421,0.0,0.0,0.0,0.8771929824561403,0.0,0.0,0.8771929824561403,0.8771929824561403,0.0,0.0,0.8771929824561403,0.8771929824561403,0.8771929824561403,1.7543859649122806,0.8771929824561403,1.7543859649122806,0.8771929824561403,0.8771929824561403,0.0,3.508771929824561,0.0,2.631578947368421,0.0,4.385964912280701,2.631578947368421,0.0,0.0,1.7543859649122806,1.7543859649122806,0.0,0.0,0.0,0.8771929824561403,0.8771929824561403,0.8771929824561403,0.0,0.8771929824561403,0.0,0.0,2.631578947368421,1.7543859649122806,0.0,0.8771929824561403,1.7543859649122806,0.8771929824561403,0.8771929824561403,0.8771929824561403,0.8771929824561403,0.8771929824561403,0.8771929824561403,0.8771929824561403,0.0,0.8771929824561403,0.0,0.0,0.0,0.8771929824561403,2.631578947368421,0.8771929824561403,1.7543859649122806,0.8771929824561403,0.8771929824561403,0.8771929824561403,1.7543859649122806,0.8771929824561403,0.0,1.7543859649122806,0.8771929824561403,1.7543859649122806,0.8771929824561403,0.0,2.631578947368421,2.631578947368421,0.8771929824561403,0.8771929824561403,0.8771929824561403,0.8771929824561403,0.8771929824561403,0.0,1.7543859649122806,3.508771929824561,1.7543859649122806,0.8771929824561403,0.8771929824561403,1.7543859649122806,1.7543859649122806,0.8771929824561403,0.8771929824561403,0.8771929824561403,0.0
2017 1st Quarter - Report,1.0638297872340425,1.0638297872340425,0.0,0.0,3.1914893617021276,0.0,1.0638297872340425,5.319148936170213,2.127659574468085,3.1914893617021276,0.0,0.0,0.0,1.0638297872340425,0.0,0.0,1.0638297872340425,1.0638297872340425,0.0,0.0,1.0638297872340425,1.0638297872340425,0.0,2.127659574468085,1.0638297872340425,2.127659574468085,1.0638297872340425,2.127659574468085,0.0,2.127659574468085,0.0,2.127659574468085,0.0,1.0638297872340425,0.0,0.0,0.0,2.127659574468085,2.127659574468085,0.0,0.0,0.0,1.0638297872340425,1.0638297872340425,1.0638297872340425,0.0,1.0638297872340425,0.0,0.0,1.0638297872340425,1.0638297872340425,0.0,1.0638297872340425,2.127659574468085,1.0638297872340425,1.0638297872340425,1.0638297872340425,1.0638297872340425,1.0638297872340425,1.0638297872340425,1.0638297872340425,0.0,1.0638297872340425,0.0,0.0,0.0,1.0638297872340425,0.0,1.0638297872340425,1.0638297872340425,1.0638297872340425,1.0638297872340425,1.0638297872340425,0.0,1.0638297872340425,0.0,2.127659574468085,1.0638297872340425,1.0638297872340425,1.0638297872340425,0.0,3.1914893617021276,3.1914893617021276,1.0638297872340425,1.0638297872340425,1.0638297872340425,1.0638297872340425,1.0638297872340425,0.0,2.127659574468085,4.25531914893617,2.127659574468085,1.0638297872340425,1.0638297872340425,2.127659574468085,2.127659574468085,0.0,1.0638297872340425,1.0638297872340425,0.0
2016 4th Quarter - Report,0.0,0.0,0.9433962264150944,0.9433962264150944,3.7735849056603774,0.0,0.9433962264150944,1.8867924528301887,1.8867924528301887,2.8301886792452833,0.0,0.0,0.0,0.9433962264150944,0.0,0.0,2.8301886792452833,0.9433962264150944,0.0,0.0,0.9433962264150944,0.9433962264150944,0.0,1.8867924528301887,0.9433962264150944,1.8867924528301887,0.9433962264150944,2.8301886792452833,0.0,2.8301886792452833,0.0,2.8301886792452833,0.0,0.0,0.0,0.9433962264150944,0.0,1.8867924528301887,1.8867924528301887,0.0,0.0,0.0,0.9433962264150944,0.9433962264150944,0.9433962264150944,0.0,0.9433962264150944,0.0,0.0,0.0,0.9433962264150944,0.0,0.9433962264150944,1.8867924528301887,0.9433962264150944,0.9433962264150944,0.9433962264150944,0.9433962264150944,0.9433962264150944,0.9433962264150944,0.9433962264150944,0.0,0.9433962264150944,0.9433962264150944,0.9433962264150944,0.9433962264150944,0.9433962264150944,0.0,0.9433962264150944,0.9433962264150944,0.9433962264150944,0.9433962264150944,0.9433962264150944,2.8301886792452833,0.9433962264150944,0.9433962264150944,1.8867924528301887,0.9433962264150944,1.8867924528301887,0.9433962264150944,0.9433962264150944,2.8301886792452833,2.8301886792452833,0.9433962264150944,0.9433962264150944,0.9433962264150944,0.9433962264150944,0.9433962264150944,0.0,1.8867924528301887,3.7735849056603774,1.8867924528301887,0.9433962264150944,0.9433962264150944,1.8867924528301887,1.8867924528301887,0.9433962264150944,0.9433962264150944,0.9433962264150944,0.0
2016 3rd Quarter - Report,0.0,0.0,0.9433962264150944,0.9433962264150944,3.7735849056603774,0.0,0.9433962264150944,1.8867924528301887,1.8867924528301887,2.8301886792452833,0.0,0.0,0.0,0.9433962264150944,0.0,0.0,2.8301886792452833,0.9433962264150944,0.0,0.0,0.9433962264150944,0.9433962264150944,0.0,1.8867924528301887,0.9433962264150944,1.8867924528301887,0.9433962264150944,2.8301886792452833,0.0,2.8301886792452833,0.0,2.8301886792452833,0.0,0.0,0.0,0.9433962264150944,0.0,1.8867924528301887,1.8867924528301887,0.0,0.0,0.0,0.9433962264150944,0.9433962264150944,0.9433962264150944,0.0,0.9433962264150944,0.0,0.0,0.0,0.9433962264150944,0.0,0.9433962264150944,1.8867924528301887,0.9433962264150944,0.9433962264150944,0.9433962264150944,0.9433962264150944,0.9433962264150944,0.9433962264150944,0.9433962264150944,0.0,0.9433962264150944,0.9433962264150944,0.9433962264150944,0.9433962264150944,0.9433962264150944,0.0,0.9433962264150944,0.9433962264150944,0.9433962264150944,0.9433962264150944,0.9433962264150944,2.8301886792452833,0.9433962264150944,0.9433962264150944,1.8867924528301887,0.9433962264150944,1.8867924528301887,0.9433962264150944,0.9433962264150944,2.8301886792452833,2.8301886792452833,0.9433962264150944,0.9433962264150944,0.9433962264150944,0.9433962264150944,0.9433962264150944,0.0,1.8867924528301887,3.7735849056603774,1.8867924528301887,0.9433962264150944,0.9433962264150944,1.8867924528301887,1.8867924528301887,0.9433962264150944,0.9433962264150944,0.9433962264150944,0.0
2016 2nd Quarter - Report,0.0,0.0,0.9900990099009901,0.9900990099009901,3.9603960396039604,0.0,0.9900990099009901,1.9801980198019802,1.9801980198019802,2.9702970297029703,0.0,0.0,0.0,0.9900990099009901,0.0,0.0,2.9702970297029703,0.9900990099009901,0.0,0.0,0.9900990099009901,0.9900990099009901,0.0,1.9801980198019802,0.9900990099009901,1.9801980198019802,0.9900990099009901,2.9702970297029703,0.0,0.9900990099009901,0.0,1.9801980198019802,0.0,0.0,0.0,0.9900990099009901,0.0,1.9801980198019802,1.9801980198019802,0.0,0.0,0.0,0.9900990099009901,0.9900990099009901,0.9900990099009901,0.0,0.9900990099009901,0.0,0.0,0.0,0.9900990099009901,0.0,0.9900990099009901,1.9801980198019802,0.9900990099009901,0.9900990099009901,0.9900990099009901,0.9900990099009901,0.9900990099009901,0.9900990099009901,0.9900990099009901,0.0,0.9900990099009901,0.9900990099009901,0.9900990099009901,0.9900990099009901,0.9900990099009901,0.0,0.9900990099009901,0.9900990099009901,0.9900990099009901,0.9900990099009901,0.9900990099009901,2.9702970297029703,0.9900990099009901,0.9900990099009901,1.9801980198019802,0.9900990099009901,0.0,0.9900990099009901,0.9900990099009901,2.9702970297029703,2.9702970297029703,0.9900990099009901,0.9900990099009901,0.9900990099009901,0.9900990099009901,0.9900990099009901,0.0,1.9801980198019802,3.9603960396039604,1.9801980198019802,0.9900990099009901,0.9900990099009901,1.9801980198019802,1.9801980198019802,0.9900990099009901,0.9900990099009901,0.9900990099009901,0.0
2016 1st Quarter - Report,0.0,0.0,0.0,0.0,2.272727272727273,0.0,1.1363636363636365,3.4090909090909087,2.272727272727273,3.4090909090909087,0.0,0.0,0.0,1.1363636363636365,0.0,0.0,2.272727272727273,1.1363636363636365,0.0,0.0,1.1363636363636365,1.1363636363636365,0.0,2.272727272727273,1.1363636363636365,2.272727272727273,1.1363636363636365,0.0,0.0,1.1363636363636365,0.0,1.1363636363636365,0.0,0.0,0.0,0.0,0.0,2.272727272727273,2.272727272727273,0.0,0.0,0.0,1.1363636363636365,1.1363636363636365,1.1363636363636365,0.0,1.1363636363636365,0.0,0.0,0.0,1.1363636363636365,0.0,1.1363636363636365,2.272727272727273,1.1363636363636365,1.1363636363636365,1.1363636363636365,1.1363636363636365,1.1363636363636365,1.1363636363636365,1.1363636363636365,0.0,1.1363636363636365,1.1363636363636365,1.1363636363636365,1.1363636363636365,1.1363636363636365,0.0,1.1363636363636365,1.1363636363636365,1.1363636363636365,1.1363636363636365,1.1363636363636365,3.4090909090909087,1.1363636363636365,0.0,2.272727272727273,1.1363636363636365,0.0,1.1363636363636365,0.0,3.4090909090909087,3.4090909090909087,0.0,1.1363636363636365,1.1363636363636365,1.1363636363636365,1.1363636363636365,0.0,1.1363636363636365,4.545454545454546,2.272727272727273,1.1363636363636365,1.1363636363636365,2.272727272727273,2.272727272727273,1.1363636363636365,1.1363636363636365,1.1363636363636365,0.0
2015 4th Quarter - Report,0.0,1.1235955056179776,0.0,0.0,2.247191011235955,0.0,1.1235955056179776,0.0,2.247191011235955,3.3707865168539324,0.0,0.0,0.0,1.1235955056179776,1.1235955056179776,1.1235955056179776,2.247191011235955,1.1235955056179776,0.0,0.0,1.1235955056179776,1.1235955056179776,0.0,2.247191011235955,1.1235955056179776,2.247191011235955,1.1235955056179776,0.0,0.0,1.1235955056179776,0.0,0.0,0.0,0.0,0.0,0.0,0.0,2.247191011235955,2.247191011235955,0.0,0.0,1.1235955056179776,1.1235955056179776,1.1235955056179776,1.1235955056179776,1.1235955056179776,1.1235955056179776,0.0,0.0,0.0,2.247191011235955,0.0,1.1235955056179776,1.1235955056179776,1.1235955056179776,1.1235955056179776,1.1235955056179776,1.1235955056179776,1.1235955056179776,1.1235955056179776,1.1235955056179776,0.0,1.1235955056179776,1.1235955056179776,1.1235955056179776,1.1235955056179776,1.1235955056179776,0.0,1.1235955056179776,2.247191011235955,1.1235955056179776,1.1235955056179776,1.1235955056179776,0.0,1.1235955056179776,0.0,2.247191011235955,1.1235955056179776,0.0,1.1235955056179776,0.0,3.3707865168539324,3.3707865168539324,0.0,2.247191011235955,2.247191011235955,1.1235955056179776,1.1235955056179776,0.0,0.0,5.617977528089887,2.247191011235955,1.1235955056179776,1.1235955056179776,2.247191011235955,2.247191011235955,1.1235955056179776,1.1235955056179776,1.1235955056179776,0.0
2015 3rd Quarter - Report,0.0,1.3157894736842104,0.0,0.0,1.3157894736842104,0.0,1.3157894736842104,0.0,2.631578947368421,1.3157894736842104,0.0,0.0,0.0,1.3157894736842104,0.0,0.0,1.3157894736842104,1.3157894736842104,0.0,0.0,1.3157894736842104,1.3157894736842104,0.0,2.631578947368421,1.3157894736842104,2.631578947368421,1.3157894736842104,0.0,0.0,1.3157894736842104,0.0,0.0,0.0,0.0,0.0,0.0,0.0,2.631578947368421,2.631578947368421,0.0,0.0,1.3157894736842104,1.3157894736842104,1.3157894736842104,1.3157894736842104,1.3157894736842104,1.3157894736842104,0.0,0.0,0.0,2.631578947368421,0.0,1.3157894736842104,1.3157894736842104,1.3157894736842104,1.3157894736842104,1.3157894736842104,1.3157894736842104,1.3157894736842104,1.3157894736842104,1.3157894736842104,0.0,1.3157894736842104,1.3157894736842104,1.3157894736842104,1.3157894736842104,1.3157894736842104,0.0,1.3157894736842104,2.631578947368421,1.3157894736842104,1.3157894736842104,1.3157894736842104,0.0,1.3157894736842104,0.0,2.631578947368421,1.3157894736842104,0.0,1.3157894736842104,0.0,1.3157894736842104,1.3157894736842104,0.0,1.3157894736842104,1.3157894736842104,1.3157894736842104,1.3157894736842104,0.0,0.0,5.263157894736842,2.631578947368421,1.3157894736842104,1.3157894736842104,2.631578947368421,2.631578947368421,1.3157894736842104,1.3157894736842104,1.3157894736842104,0.0
2015 2nd Quarter - Report,0.0,1.36986301369863,0.0,0.0,1.36986301369863,0.0,1.36986301369863,0.0,2.73972602739726,0.0,0.0,0.0,0.0,1.36986301369863,0.0,0.0,1.36986301369863,1.36986301369863,0.0,0.0,1.36986301369863,1.36986301369863,0.0,2.73972602739726,1.36986301369863,2.73972602739726,1.36986301369863,0.0,0.0,1.36986301369863,0.0,0.0,0.0,0.0,0.0,0.0,0.0,2.73972602739726,2.73972602739726,0.0,0.0,1.36986301369863,1.36986301369863,1.36986301369863,1.36986301369863,1.36986301369863,1.36986301369863,0.0,0.0,0.0,2.73972602739726,0.0,1.36986301369863,1.36986301369863,1.36986301369863,1.36986301369863,1.36986301369863,1.36986301369863,1.36986301369863,1.36986301369863,1.36986301369863,0.0,1.36986301369863,1.36986301369863,1.36986301369863,1.36986301369863,1.36986301369863,0.0,1.36986301369863,2.73972602739726,1.36986301369863,1.36986301369863,1.36986301369863,0.0,1.36986301369863,0.0,2.73972602739726,1.36986301369863,0.0,1.36986301369863,0.0,0.0,0.0,0.0,1.36986301369863,1.36986301369863,1.36986301369863,1.36986301369863,0.0,0.0,5.47945205479452,2.73972602739726,1.36986301369863,1.36986301369863,2.73972602739726,2.73972602739726,1.36986301369863,1.36986301369863,1.36986301369863,0.0
2015 1st Quarter - Report,0.0,2.2222222222222223,0.0,0.0,0.0,0.0,2.2222222222222223,0.0,0.0,0.0,0.0,0.0,0.0,2.2222222222222223,0.0,0.0,0.0,0.0,0.0,0.0,2.2222222222222223,2.2222222222222223,0.0,4.444444444444445,2.2222222222222223,0.0,0.0,0.0,0.0,2.2222222222222223,0.0,0.0,0.0,0.0,0.0,0.0,0.0,0.0,0.0,0.0,0.0,2.2222222222222223,2.2222222222222223,2.2222222222222223,2.2222222222222223,2.2222222222222223,0.0,0.0,0.0,0.0,4.444444444444445,2.2222222222222223,2.2222222222222223,2.2222222222222223,2.2222222222222223,2.2222222222222223,2.2222222222222223,2.2222222222222223,2.2222222222222223,0.0,0.0,0.0,2.2222222222222223,2.2222222222222223,2.2222222222222223,2.2222222222222223,0.0,0.0,2.2222222222222223,4.444444444444445,2.2222222222222223,2.2222222222222223,0.0,0.0,0.0,0.0,4.444444444444445,2.2222222222222223,0.0,2.2222222222222223,0.0,0.0,0.0,0.0,2.2222222222222223,2.2222222222222223,0.0,0.0,0.0,0.0,2.2222222222222223,0.0,2.2222222222222223,2.2222222222222223,0.0,0.0,2.2222222222222223,2.2222222222222223,2.2222222222222223,0.0
2014 4th Quarter - Report,0.0,2.4390243902439024,0.0,0.0,0.0,0.0,2.4390243902439024,0.0,0.0,0.0,0.0,0.0,0.0,0.0,0.0,0.0,0.0,0.0,0.0,0.0,2.4390243902439024,2.4390243902439024,0.0,2.4390243902439024,0.0,0.0,0.0,0.0,0.0,2.4390243902439024,4.878048780487805,0.0,0.0,0.0,0.0,0.0,0.0,0.0,0.0,0.0,0.0,4.878048780487805,2.4390243902439024,2.4390243902439024,2.4390243902439024,0.0,0.0,0.0,0.0,0.0,2.4390243902439024,0.0,2.4390243902439024,2.4390243902439024,2.4390243902439024,2.4390243902439024,2.4390243902439024,2.4390243902439024,2.4390243902439024,0.0,0.0,0.0,2.4390243902439024,7.317073170731707,7.317073170731707,2.4390243902439024,0.0,0.0,2.4390243902439024,2.4390243902439024,2.4390243902439024,2.4390243902439024,0.0,2.4390243902439024,0.0,0.0,2.4390243902439024,0.0,0.0,2.4390243902439024,0.0,0.0,0.0,2.4390243902439024,0.0,0.0,0.0,0.0,0.0,0.0,0.0,0.0,0.0,2.4390243902439024,0.0,0.0,2.4390243902439024,2.4390243902439024,2.4390243902439024,0.0
2014 3rd Quarter - Report,0.0,2.5,0.0,0.0,0.0,0.0,2.5,0.0,0.0,0.0,0.0,0.0,0.0,0.0,0.0,0.0,0.0,0.0,0.0,0.0,2.5,2.5,0.0,2.5,0.0,0.0,0.0,0.0,0.0,2.5,5.0,0.0,0.0,0.0,0.0,0.0,0.0,0.0,0.0,0.0,0.0,5.0,2.5,2.5,2.5,0.0,0.0,0.0,0.0,0.0,2.5,0.0,2.5,2.5,2.5,2.5,2.5,2.5,2.5,0.0,0.0,0.0,2.5,7.5,7.5,2.5,0.0,0.0,2.5,2.5,2.5,2.5,0.0,0.0,0.0,0.0,2.5,0.0,0.0,2.5,0.0,0.0,0.0,2.5,0.0,0.0,0.0,0.0,0.0,0.0,0.0,0.0,0.0,2.5,0.0,0.0,2.5,2.5,2.5,0.0
2014 2nd Quarter - Report,0.0,4.166666666666666,0.0,0.0,0.0,0.0,0.0,0.0,0.0,0.0,0.0,0.0,0.0,0.0,0.0,0.0,0.0,0.0,0.0,0.0,0.0,0.0,0.0,0.0,0.0,0.0,0.0,0.0,0.0,0.0,4.166666666666666,0.0,0.0,0.0,0.0,0.0,0.0,0.0,0.0,0.0,0.0,8.333333333333332,0.0,0.0,4.166666666666666,0.0,0.0,0.0,0.0,0.0,0.0,0.0,4.166666666666666,4.166666666666666,4.166666666666666,4.166666666666666,4.166666666666666,4.166666666666666,4.166666666666666,0.0,0.0,0.0,0.0,12.5,12.5,4.166666666666666,0.0,0.0,0.0,0.0,4.166666666666666,4.166666666666666,0.0,0.0,0.0,0.0,0.0,0.0,0.0,0.0,0.0,0.0,0.0,4.166666666666666,0.0,0.0,0.0,0.0,0.0,0.0,0.0,0.0,0.0,0.0,0.0,0.0,4.166666666666666,0.0,4.166666666666666,0.0
2014 1st Quarter - Report,0.0,5.555555555555555,0.0,0.0,0.0,0.0,0.0,0.0,0.0,0.0,0.0,0.0,0.0,0.0,0.0,0.0,0.0,0.0,0.0,0.0,0.0,0.0,0.0,0.0,0.0,0.0,0.0,0.0,0.0,0.0,5.555555555555555,0.0,0.0,0.0,0.0,0.0,0.0,0.0,0.0,0.0,0.0,5.555555555555555,0.0,0.0,5.555555555555555,0.0,0.0,0.0,0.0,0.0,0.0,0.0,0.0,5.555555555555555,0.0,0.0,5.555555555555555,5.555555555555555,5.555555555555555,0.0,0.0,0.0,0.0,16.666666666666664,16.666666666666664,0.0,0.0,0.0,0.0,0.0,5.555555555555555,5.555555555555555,0.0,0.0,0.0,0.0,0.0,0.0,0.0,0.0,0.0,0.0,0.0,5.555555555555555,0.0,0.0,0.0,0.0,0.0,0.0,0.0,0.0,0.0,0.0,0.0,0.0,5.555555555555555,0.0,0.0,0.0
2013 4th Quarter - Report,0.0,0.0,0.0,0.0,0.0,0.0,0.0,0.0,0.0,0.0,0.0,0.0,0.0,0.0,0.0,0.0,0.0,0.0,0.0,0.0,0.0,0.0,0.0,0.0,0.0,16.666666666666664,0.0,0.0,0.0,0.0,16.666666666666664,0.0,0.0,0.0,0.0,0.0,0.0,0.0,0.0,0.0,0.0,33.33333333333333,0.0,0.0,0.0,0.0,0.0,0.0,0.0,0.0,0.0,0.0,0.0,16.666666666666664,0.0,0.0,0.0,0.0,0.0,0.0,0.0,0.0,0.0,0.0,0.0,0.0,0.0,0.0,0.0,0.0,0.0,0.0,0.0,0.0,0.0,0.0,0.0,0.0,0.0,0.0,0.0,0.0,0.0,16.666666666666664,0.0,0.0,0.0,0.0,0.0,0.0,0.0,0.0,0.0,0.0,0.0,0.0,0.0,0.0,0.0,0.0
2013 3rd Quarter - Report,0.0,0.0,0.0,0.0,0.0,0.0,0.0,0.0,0.0,0.0,0.0,0.0,0.0,0.0,0.0,0.0,0.0,0.0,0.0,0.0,0.0,0.0,0.0,0.0,0.0,14.285714285714285,0.0,0.0,0.0,0.0,14.285714285714285,0.0,0.0,0.0,0.0,0.0,0.0,0.0,0.0,0.0,0.0,42.857142857142854,0.0,0.0,0.0,0.0,0.0,0.0,0.0,0.0,0.0,0.0,0.0,14.285714285714285,0.0,0.0,0.0,0.0,0.0,0.0,0.0,0.0,0.0,0.0,0.0,0.0,0.0,0.0,0.0,0.0,0.0,0.0,0.0,0.0,0.0,0.0,0.0,0.0,0.0,0.0,0.0,0.0,0.0,14.285714285714285,0.0,0.0,0.0,0.0,0.0,0.0,0.0,0.0,0.0,0.0,0.0,0.0,0.0,0.0,0.0,0.0
2013 2nd Quarter - Report,0.0,0.0,0.0,0.0,0.0,0.0,0.0,0.0,0.0,0.0,0.0,0.0,0.0,0.0,0.0,0.0,0.0,0.0,0.0,0.0,0.0,0.0,0.0,0.0,0.0,14.285714285714285,0.0,0.0,0.0,0.0,14.285714285714285,0.0,0.0,0.0,0.0,0.0,0.0,0.0,0.0,0.0,0.0,42.857142857142854,0.0,0.0,0.0,0.0,0.0,0.0,0.0,0.0,0.0,0.0,0.0,14.285714285714285,0.0,0.0,0.0,0.0,0.0,0.0,0.0,0.0,0.0,0.0,0.0,0.0,0.0,0.0,0.0,0.0,0.0,0.0,0.0,0.0,0.0,0.0,0.0,0.0,0.0,0.0,0.0,0.0,0.0,14.285714285714285,0.0,0.0,0.0,0.0,0.0,0.0,0.0,0.0,0.0,0.0,0.0,0.0,0.0,0.0,0.0,0.0
2013 1st Quarter - Report,0.0,0.0,0.0,0.0,25.0,0.0,0.0,0.0,0.0,0.0,0.0,0.0,0.0,0.0,0.0,0.0,0.0,0.0,0.0,0.0,0.0,0.0,0.0,0.0,0.0,0.0,0.0,0.0,0.0,0.0,25.0,0.0,0.0,0.0,0.0,0.0,0.0,0.0,0.0,0.0,0.0,50.0,0.0,0.0,0.0,0.0,0.0,0.0,0.0,0.0,0.0,0.0,0.0,0.0,0.0,0.0,0.0,0.0,0.0,0.0,0.0,0.0,0.0,0.0,0.0,0.0,0.0,0.0,0.0,0.0,0.0,0.0,0.0,0.0,0.0,0.0,0.0,0.0,0.0,0.0,0.0,0.0,0.0,0.0,0.0,0.0,0.0,0.0,0.0,0.0,0.0,0.0,0.0,0.0,0.0,0.0,0.0,0.0,0.0,0.0
2012 4th Quarter - Report,0.0,0.0,0.0,0.0,33.33333333333333,0.0,0.0,0.0,0.0,0.0,0.0,0.0,0.0,0.0,0.0,0.0,0.0,0.0,0.0,0.0,0.0,0.0,0.0,0.0,0.0,0.0,0.0,0.0,0.0,0.0,66.66666666666666,0.0,0.0,0.0,0.0,0.0,0.0,0.0,0.0,0.0,0.0,0.0,0.0,0.0,0.0,0.0,0.0,0.0,0.0,0.0,0.0,0.0,0.0,0.0,0.0,0.0,0.0,0.0,0.0,0.0,0.0,0.0,0.0,0.0,0.0,0.0,0.0,0.0,0.0,0.0,0.0,0.0,0.0,0.0,0.0,0.0,0.0,0.0,0.0,0.0,0.0,0.0,0.0,0.0,0.0,0.0,0.0,0.0,0.0,0.0,0.0,0.0,0.0,0.0,0.0,0.0,0.0,0.0,0.0,0.0
2012 3rd Quarter - Report,0.0,0.0,0.0,0.0,0.0,0.0,0.0,0.0,0.0,0.0,0.0,0.0,0.0,0.0,0.0,0.0,0.0,0.0,0.0,0.0,0.0,0.0,0.0,14.285714285714285,0.0,0.0,0.0,0.0,0.0,0.0,28.57142857142857,0.0,0.0,0.0,0.0,0.0,0.0,0.0,0.0,0.0,0.0,14.285714285714285,0.0,0.0,0.0,14.285714285714285,0.0,0.0,0.0,0.0,0.0,0.0,0.0,0.0,0.0,0.0,0.0,0.0,0.0,0.0,0.0,0.0,0.0,0.0,0.0,0.0,0.0,14.285714285714285,0.0,0.0,0.0,0.0,0.0,0.0,0.0,0.0,0.0,0.0,0.0,0.0,14.285714285714285,0.0,0.0,0.0,0.0,0.0,0.0,0.0,0.0,0.0,0.0,0.0,0.0,0.0,0.0,0.0,0.0,0.0,0.0,0.0
2012 2nd Quarter - Report,0.0,0.0,0.0,0.0,0.0,0.0,0.0,0.0,0.0,0.0,0.0,0.0,0.0,0.0,0.0,0.0,0.0,0.0,0.0,0.0,0.0,0.0,0.0,0.0,0.0,0.0,0.0,0.0,0.0,0.0,0.0,0.0,0.0,0.0,0.0,0.0,0.0,0.0,0.0,0.0,0.0,0.0,0.0,0.0,0.0,0.0,0.0,0.0,0.0,0.0,0.0,0.0,0.0,0.0,0.0,0.0,0.0,0.0,0.0,0.0,0.0,0.0,0.0,0.0,0.0,0.0,0.0,0.0,0.0,0.0,0.0,0.0,0.0,0.0,0.0,0.0,0.0,0.0,0.0,0.0,0.0,0.0,0.0,0.0,0.0,0.0,0.0,0.0,0.0,0.0,0.0,0.0,0.0,0.0,0.0,0.0,0.0,0.0,0.0,0.0
2012 1st Quarter - Report,0.0,0.0,0.0,0.0,0.0,0.0,0.0,100.0,0.0,0.0,0.0,0.0,0.0,0.0,0.0,0.0,0.0,0.0,0.0,0.0,0.0,0.0,0.0,0.0,0.0,0.0,0.0,0.0,0.0,0.0,0.0,0.0,0.0,0.0,0.0,0.0,0.0,0.0,0.0,0.0,0.0,0.0,0.0,0.0,0.0,0.0,0.0,0.0,0.0,0.0,0.0,0.0,0.0,0.0,0.0,0.0,0.0,0.0,0.0,0.0,0.0,0.0,0.0,0.0,0.0,0.0,0.0,0.0,0.0,0.0,0.0,0.0,0.0,0.0,0.0,0.0,0.0,0.0,0.0,0.0,0.0,0.0,0.0,0.0,0.0,0.0,0.0,0.0,0.0,0.0,0.0,0.0,0.0,0.0,0.0,0.0,0.0,0.0,0.0,0.0
2011 4th Quarter - Report,0.0,0.0,0.0,0.0,0.0,0.0,0.0,100.0,0.0,0.0,0.0,0.0,0.0,0.0,0.0,0.0,0.0,0.0,0.0,0.0,0.0,0.0,0.0,0.0,0.0,0.0,0.0,0.0,0.0,0.0,0.0,0.0,0.0,0.0,0.0,0.0,0.0,0.0,0.0,0.0,0.0,0.0,0.0,0.0,0.0,0.0,0.0,0.0,0.0,0.0,0.0,0.0,0.0,0.0,0.0,0.0,0.0,0.0,0.0,0.0,0.0,0.0,0.0,0.0,0.0,0.0,0.0,0.0,0.0,0.0,0.0,0.0,0.0,0.0,0.0,0.0,0.0,0.0,0.0,0.0,0.0,0.0,0.0,0.0,0.0,0.0,0.0,0.0,0.0,0.0,0.0,0.0,0.0,0.0,0.0,0.0,0.0,0.0,0.0,0.0
2011 3rd Quarter - Report,0.0,0.0,0.0,0.0,0.0,0.0,0.0,50.0,0.0,0.0,0.0,0.0,0.0,0.0,0.0,0.0,0.0,0.0,0.0,0.0,0.0,0.0,0.0,0.0,0.0,0.0,0.0,0.0,0.0,0.0,50.0,0.0,0.0,0.0,0.0,0.0,0.0,0.0,0.0,0.0,0.0,0.0,0.0,0.0,0.0,0.0,0.0,0.0,0.0,0.0,0.0,0.0,0.0,0.0,0.0,0.0,0.0,0.0,0.0,0.0,0.0,0.0,0.0,0.0,0.0,0.0,0.0,0.0,0.0,0.0,0.0,0.0,0.0,0.0,0.0,0.0,0.0,0.0,0.0,0.0,0.0,0.0,0.0,0.0,0.0,0.0,0.0,0.0,0.0,0.0,0.0,0.0,0.0,0.0,0.0,0.0,0.0,0.0,0.0,0.0
2011 2nd Quarter - Report,0.0,0.0,0.0,0.0,0.0,0.0,0.0,20.0,0.0,0.0,0.0,0.0,0.0,0.0,0.0,0.0,20.0,0.0,0.0,0.0,0.0,0.0,0.0,0.0,0.0,0.0,0.0,0.0,0.0,0.0,0.0,0.0,0.0,0.0,0.0,0.0,0.0,0.0,0.0,0.0,0.0,0.0,0.0,0.0,20.0,0.0,0.0,0.0,0.0,0.0,0.0,0.0,0.0,0.0,0.0,0.0,0.0,0.0,0.0,0.0,0.0,0.0,0.0,0.0,0.0,0.0,0.0,0.0,0.0,0.0,0.0,0.0,0.0,0.0,0.0,0.0,0.0,0.0,20.0,0.0,0.0,0.0,0.0,0.0,0.0,0.0,0.0,0.0,0.0,0.0,20.0,0.0,0.0,0.0,0.0,0.0,0.0,0.0,0.0,0.0
2011 1st Quarter - Report,0.0,0.0,0.0,0.0,0.0,0.0,0.0,0.0,0.0,0.0,0.0,0.0,0.0,0.0,0.0,0.0,33.33333333333333,0.0,0.0,0.0,0.0,0.0,0.0,0.0,0.0,0.0,0.0,0.0,0.0,0.0,0.0,0.0,0.0,0.0,0.0,0.0,0.0,0.0,0.0,0.0,0.0,0.0,0.0,0.0,0.0,0.0,0.0,0.0,0.0,0.0,0.0,0.0,0.0,0.0,0.0,0.0,0.0,0.0,0.0,0.0,0.0,0.0,0.0,0.0,0.0,0.0,0.0,0.0,0.0,0.0,0.0,0.0,0.0,0.0,0.0,0.0,0.0,0.0,33.33333333333333,0.0,0.0,0.0,0.0,0.0,0.0,0.0,0.0,0.0,0.0,0.0,33.33333333333333,0.0,0.0,0.0,0.0,0.0,0.0,0.0,0.0,0.0
